State,County,Tract,Median Household Income,Black Population Percentage
17,031,010100,68196,32.11951447245565
17,031,010201,61071,36.65042630937881
17,031,010202,58698,32.98429319371728
17,031,010300,68336,23.617123617123617
17,031,010400,48630,7.914151576123407
17,031,010501,47858,20.163557372859696
17,031,010502,55813,22.042852949809216
17,031,010503,18750,15.80471659081506
17,031,010600,66313,20.144223232481583
17,031,010701,70542,20.835654596100277
17,031,010702,52193,36.53846153846153
17,031,020100,57029,39.546727782021904
17,031,020200,117005,6.858253505483826
17,031,020301,73539,2.0618556701030926
17,031,020302,84205,9.055950778696404
17,031,020400,76607,19.924812030075188
17,031,020500,43948,15.708696960577791
17,031,020601,61046,2.3006134969325154
17,031,020602,83839,8.85270447314243
17,031,020701,92024,10.648148148148149
17,031,020702,68897,3.5425582501188777
17,031,020801,71953,12.85475792988314
17,031,020802,62212,6.678141135972461
17,031,020901,50243,24.097750445055834
17,031,020902,49432,19.725085910652922
17,031,030101,50696,25.874324708558433
17,031,030102,55067,15.104849279161206
17,031,030103,53684,14.192424902046147
17,031,030104,45865,8.564069542820347
17,031,030200,91406,1.620453727043572
17,031,030300,64662,20.455793520043933
17,031,030400,97143,5.8469170800850465
17,031,030500,109375,6.620428751576292
17,031,030601,51808,25.165738530893663
17,031,030603,54300,23.904555314533624
17,031,030604,49816,17.596713454296474
17,031,030701,47614,36.05036447978794
17,031,030702,69050,3.971756398940865
17,031,030703,56667,16.359521500161655
17,031,030706,54143,14.296754250386398
17,031,030800,96069,4.485363550519358
17,031,030900,102309,4.9414824447334205
17,031,031000,121026,0.8488499452354874
17,031,031100,79010,12.53572886892609
17,031,031200,24389,39.100404312668466
17,031,031300,64598,14.577557274186487
17,031,031400,82526,4.695837780149413
17,031,031501,48889,36.29310344827586
17,031,031502,47188,34.98485504110774
17,031,031700,84766,15.182219316881843
17,031,031800,80873,4.588457899716178
17,031,031900,93864,9.64004964832437
17,031,032100,69313,12.803956587443329
17,031,040100,93576,9.498878085265519
17,031,040201,99624,1.674641148325359
17,031,040202,58293,4.218455743879472
17,031,040300,86979,4.538034606594842
17,031,040401,107083,2.8271640921014285
17,031,040402,94132,3.3398821218074657
17,031,040600,97596,4.991023339317774
17,031,040700,105400,3.280874899973326
17,031,040800,105500,1.7755231452124285
17,031,040900,79803,0.09970089730807577
17,031,050100,123929,2.825308396339037
17,031,050200,138546,0.9736747205192933
17,031,050300,163625,1.025097207493814
17,031,050500,142548,0.03846893633391037
17,031,050600,109188,0.7168458781362007
17,031,050700,125438,0.0
17,031,050800,172888,3.862660944206009
17,031,050900,130769,2.7377521613832854
17,031,051000,180500,2.10896309314587
17,031,051100,159145,1.1023622047244095
17,031,051200,166771,2.8553299492385786
17,031,051300,218403,7.702307442313942
17,031,051400,154044,9.230769230769232
17,031,060100,135272,0.22026431718061676
17,031,060200,89167,4.797391709361901
17,031,060300,140125,1.9142148174406242
17,031,060400,162011,1.219181793551883
17,031,060500,54250,4.662004662004662
17,031,060800,81156,3.6473021244594848
17,031,060900,83601,2.045225406884632
17,031,061000,127872,2.108433734939759
17,031,061100,108158,3.7604456824512535
17,031,061200,109479,3.6062378167641325
17,031,061500,133000,4.102817597627286
17,031,061800,69250,2.3255813953488373
17,031,061901,61563,7.847597384134206
17,031,061902,86805,6.217091940056703
17,031,062000,110250,4.325259515570934
17,031,062100,99212,3.8123971475589684
17,031,062200,198333,0.9200507614213198
17,031,062300,227750,0.9322560596643878
17,031,062400,162500,5.28071150639244
17,031,062500,145903,3.5211267605633805
17,031,062600,195357,1.687051876845213
17,031,062700,151080,1.4116874589625739
17,031,062800,166538,1.4937533948940793
17,031,062900,159088,6.259062348960851
17,031,063000,104052,4.115853658536586
17,031,063100,99483,0.0
17,031,063200,81020,5.862068965517241
17,031,063301,66447,6.0828877005347595
17,031,063302,94173,3.7055095075572893
17,031,063303,102500,1.0851419031719534
17,031,063400,95833,4.229979466119096
17,031,070101,93523,2.051058258782457
17,031,070102,92641,8.288590604026846
17,031,070103,78125,7.4357192494788045
17,031,070200,108083,2.936053744712615
17,031,070300,191051,1.8334206390780514
17,031,070400,243795,0.2630809704764689
17,031,070500,186757,3.7362637362637363
17,031,070600,250001,0.720100187852223
17,031,070700,160000,8.393477679764768
17,031,071000,202115,5.104972375690608
17,031,071100,206304,1.2554927809165097
17,031,071200,125581,2.179379715004191
17,031,071300,118878,0.7023492371034149
17,031,071400,118295,5.39575897543565
17,031,071500,115993,1.9028542814221332
17,031,071600,230313,5.359957961114031
17,031,071700,149625,11.11111111111111
17,031,071800,211964,7.997065297138664
17,031,080100,114681,0.7113667322536704
17,031,080201,112708,0.0
17,031,080202,103948,1.5789473684210527
17,031,080300,157112,0.5654557916381083
17,031,080400,-666666666,47.258592471358426
17,031,081000,79556,10.576687116564418
17,031,081100,82039,8.911335578002245
17,031,081201,128955,1.7389340560072266
17,031,081202,177619,3.3459412278149547
17,031,081300,116424,5.869637512470901
17,031,081401,74432,2.62551819438047
17,031,081402,159026,5.62100302928307
17,031,081403,114052,1.6245688216312453
17,031,081500,151626,4.4027721157766
17,031,081600,157623,2.3355704697986575
17,031,081700,132903,3.622771707878091
17,031,081800,164091,2.0388111029231144
17,031,081900,195083,16.111611161116112
17,031,090100,124667,0.28360748723766305
17,031,090200,119421,0.6149116064565718
17,031,090300,107639,0.0
17,031,100100,109111,0.0
17,031,100200,107850,2.8027498677948173
17,031,100300,83271,2.1250193888630373
17,031,100400,143137,0.15037593984962408
17,031,100500,109564,0.8427932576539389
17,031,100600,84000,0.0
17,031,100700,117240,1.9731943410275503
17,031,110100,96514,0.5886426592797784
17,031,110200,68824,7.125132931584545
17,031,110300,115833,0.20739064856711917
17,031,110400,81250,1.2886025327704953
17,031,110501,101220,5.277614282911516
17,031,110502,71440,3.453155958109256
17,031,120100,160461,0.09090909090909091
17,031,120200,149306,1.312048983162038
17,031,120300,140988,0.26965654271927336
17,031,120400,111750,2.867570385818561
17,031,130100,58068,2.063329928498468
17,031,130200,104107,0.9708737864077669
17,031,130300,66154,3.1547619047619047
17,031,140100,86795,3.5511363636363638
17,031,140200,72629,8.677873693775556
17,031,140301,69712,1.7881705639614855
17,031,140302,62478,6.342494714587738
17,031,140400,93036,1.6410082896295044
17,031,140500,73273,5.203405865657521
17,031,140601,87045,10.644460535843592
17,031,140602,59962,8.526472464384435
17,031,140701,92212,4.046822742474916
17,031,140702,73571,3.1407035175879394
17,031,140800,97722,0.14488087572440436
17,031,150200,91038,2.409472669695718
17,031,150300,86290,1.6364136413641366
17,031,150401,77908,1.165954139137194
17,031,150402,97986,5.095057034220532
17,031,150501,122434,0.9340944473274521
17,031,150502,72500,2.6815077156589933
17,031,150600,81923,1.8233483305706844
17,031,150700,100862,1.2800359308331462
17,031,150800,85714,2.8706083976006855
17,031,151001,93879,0.0
17,031,151002,75893,1.4309076042518398
17,031,151100,77521,1.0831650449788874
17,031,151200,88939,0.3943800838057678
17,031,160100,107137,0.0
17,031,160200,124364,3.575685339690107
17,031,160300,77721,5.6716417910447765
17,031,160400,72325,4.389866563527364
17,031,160501,73946,15.565749235474005
17,031,160502,100147,2.6919242273180455
17,031,160601,83333,1.1322011322011323
17,031,160602,84955,2.528613255256854
17,031,160700,92614,4.485235434956105
17,031,160800,82691,0.6493506493506493
17,031,160900,114861,3.0991735537190084
17,031,161000,102159,1.7623363544813697
17,031,161100,158393,8.843873517786562
17,031,161200,70391,4.524886877828054
17,031,161300,53969,1.0347572300344918
17,031,170100,46571,3.891625615763547
17,031,170200,105855,0.10660980810234541
17,031,170300,85774,0.0
17,031,170400,103016,5.038856856354976
17,031,170500,87786,2.0151133501259446
17,031,170600,76346,1.3253012048192772
17,031,170700,82868,0.36809815950920244
17,031,170800,64769,8.231479171863308
17,031,170900,68500,0.0
17,031,171000,81950,5.696295211597598
17,031,171100,92383,2.973434072629783
17,031,180100,83920,5.34841075794621
17,031,190100,61250,2.9084687767322497
17,031,190200,80576,7.0843291225674285
17,031,190300,69309,5.010398941198714
17,031,190401,92639,4.879825200291333
17,031,190402,56523,0.6331699346405228
17,031,190601,71176,4.189663823381837
17,031,190602,61308,2.250630176449406
17,031,190701,64063,1.9047619047619049
17,031,190702,50457,6.862120246441471
17,031,190800,52404,4.364357745081832
17,031,190900,61500,8.132691278758694
17,031,191000,63611,2.2300469483568075
17,031,191100,50513,3.593444594797775
17,031,191200,57292,3.76158940397351
17,031,191301,55759,4.989445403953176
17,031,191302,55072,4.7533228204550575
17,031,200100,68393,1.0911074740861975
17,031,200200,64583,3.1341600901916573
17,031,200300,50515,11.52197213290461
17,031,200401,70046,7.775821596244131
17,031,200402,77288,1.439274447949527
17,031,210100,107717,2.503576537911302
17,031,210400,63077,3.331995182657567
17,031,210501,61678,2.8611304954640615
17,031,210502,74855,2.470534904805077
17,031,210601,93547,1.9162526614620299
17,031,210602,102625,4.195323246217331
17,031,210700,93026,1.530612244897959
17,031,210800,96579,1.926444833625219
17,031,210900,109844,3.497164461247637
17,031,220300,100461,4.504504504504505
17,031,220400,114803,4.382022471910112
17,031,220500,94867,5.088967971530249
17,031,220601,120427,6.176853055916775
17,031,220602,61875,7.761816496756256
17,031,220701,75625,4.127396815079623
17,031,220702,79969,4.420308158625915
17,031,220901,62917,14.271844660194175
17,031,220902,73239,1.9411396368190357
17,031,221000,82102,4.9786075457020615
17,031,221100,87478,7.419638925583444
17,031,221200,128243,12.879581151832461
17,031,221300,81264,5.944868814347393
17,031,221400,104583,3.892312682452157
17,031,221500,62500,13.15504156125768
17,031,221600,135236,1.2983180879315432
17,031,222200,184727,4.057066428889879
17,031,222500,147582,6.062670299727521
17,031,222600,90313,5.037313432835821
17,031,222700,80391,6.31244323342416
17,031,222800,84239,16.82509505703422
17,031,222900,100847,11.257606490872211
17,031,230100,90833,17.90953545232274
17,031,230200,72083,8.902377339403136
17,031,230300,58696,16.132596685082873
17,031,230400,51495,1.559546313799622
17,031,230500,28413,8.7987012987013
17,031,230600,55304,27.425643310682858
17,031,230700,32576,12.004157283907848
17,031,230800,68485,5.344995140913508
17,031,230900,70926,10.932082398531511
17,031,231100,60333,66.96035242290749
17,031,231200,39917,76.95148564713782
17,031,231500,37237,67.98071957307627
17,031,240200,166458,1.780264496439471
17,031,240300,161125,1.650943396226415
17,031,240500,171962,1.033797216699801
17,031,240600,157938,6.162294081757169
17,031,240700,102102,10.281517747858016
17,031,240800,130278,4.121621621621622
17,031,240900,76429,10.612991765782251
17,031,241000,90185,5.970982142857143
17,031,241100,92927,8.21917808219178
17,031,241200,131875,6.9493521790341575
17,031,241300,167292,6.514830508474577
17,031,241400,178434,6.106733524355301
17,031,241500,173393,0.9210060219624512
17,031,241600,111458,0.9420076538121873
17,031,242000,145583,23.02421196893559
17,031,242100,179015,0.47157453497511137
17,031,242200,164025,3.687095166915795
17,031,242300,104397,2.102496714848883
17,031,242400,103095,1.7375231053604434
17,031,242500,81875,7.956989247311828
17,031,242600,79583,18.269230769230766
17,031,242700,61964,13.554708764289602
17,031,242800,139500,0.41379310344827586
17,031,242900,143750,4.330708661417323
17,031,243000,113125,0.9446693657219973
17,031,243100,114464,2.0842982862436314
17,031,243200,136094,8.02919708029197
17,031,243300,128375,2.2319474835886215
17,031,243400,124773,2.490617536676902
17,031,243500,160370,14.035471863367638
17,031,250200,49327,46.476565060635856
17,031,250300,47550,63.06771263418662
17,031,250400,46709,75.45800834391439
17,031,250500,119514,24.004056207446038
17,031,250600,65486,80.18494055482167
17,031,250700,44624,73.89421589854625
17,031,250800,63047,84.88674340883773
17,031,251000,31690,70.72463768115942
17,031,251100,38350,70.13644366197182
17,031,251200,46483,68.046875
17,031,251300,38920,84.6795523906409
17,031,251400,22029,84.42887931034483
17,031,251500,40077,75.5781683626272
17,031,251600,35417,67.39228007181327
17,031,251700,52763,74.05112316034082
17,031,251800,30341,91.86886460455639
17,031,251900,26300,92.21392056626033
17,031,252000,29596,85.62143310082435
17,031,252101,35574,93.8337801608579
17,031,252102,47255,75.42735042735043
17,031,252201,47979,93.9840392879067
17,031,252202,41167,95.38928210313448
17,031,260100,18906,91.33858267716536
17,031,260200,45857,86.36363636363636
17,031,260300,20739,85.56975505857295
17,031,260400,-666666666,86.26198083067092
17,031,260500,39102,98.98132427843804
17,031,260600,47708,95.78815679733111
17,031,260700,42917,96.25984251968504
17,031,260800,39696,92.50374812593704
17,031,260900,19417,86.60251665433013
17,031,261000,45086,93.95943562610229
17,031,270500,19717,98.98550724637681
17,031,271200,32401,88.07803468208093
17,031,271300,23900,88.58921161825725
17,031,271400,40670,74.02501839587933
17,031,271500,42171,84.28571428571429
17,031,271800,58167,95.42682926829268
17,031,280100,136378,2.1345407503234153
17,031,280400,44414,79.2691496837667
17,031,280800,21103,79.92957746478874
17,031,280900,47784,77.18360071301248
17,031,281900,135243,5.467476663209364
17,031,282700,79330,36.914846188140885
17,031,282800,81286,5.674232309746328
17,031,283100,44129,20.96005862953463
17,031,283200,57055,51.82397220613781
17,031,283800,77422,59.3607305936073
17,031,290900,34349,97.57132751709503
17,031,291200,24120,95.8079268292683
17,031,291600,120207,10.146955913226034
17,031,292200,33736,81.96850393700788
17,031,292400,41875,77.84702549575071
17,031,292500,52500,78.38774920543196
17,031,300500,50329,5.401234567901234
17,031,300600,48915,12.623066104078761
17,031,300700,46554,2.7969108745564597
17,031,300800,29684,0.0
17,031,300900,32766,0.025400050800101596
17,031,301100,34608,3.9435450394354503
17,031,301200,50040,17.62334421194087
17,031,301600,28442,3.6341238065906993
17,031,301701,52115,0.0
17,031,301702,43632,0.0
17,031,301801,35779,0.048947626040137054
17,031,301802,33668,0.41936713686618377
17,031,301803,36020,0.0
17,031,310200,133382,5.0438596491228065
17,031,310300,66683,2.941176470588235
17,031,310400,77991,1.4423076923076923
17,031,310500,58321,0.7504690431519699
17,031,310600,73508,2.0931071815229156
17,031,310700,62647,9.379615952732644
17,031,310800,63779,0.7770343190157565
17,031,310900,78287,3.968253968253968
17,031,320101,119616,5.571510626076967
17,031,320102,162021,3.9233744704365443
17,031,320400,162143,13.81491344873502
17,031,320600,108320,10.300850228907784
17,031,330101,177254,2.893634005188585
17,031,330102,112762,26.713112197150878
17,031,330103,125175,29.06386495100933
17,031,330200,128000,29.554043839758126
17,031,340300,47519,0.0
17,031,340400,49309,7.546012269938649
17,031,340500,57720,6.033376123234917
17,031,340600,19348,82.23234624145786
17,031,350100,61620,29.274292742927425
17,031,350400,22292,94.59763646595385
17,031,351000,54688,79.52353942144073
17,031,351100,18220,89.76851851851852
17,031,351400,-666666666,70.74569789674953
17,031,351500,63235,69.02748414376322
17,031,360200,26638,97.66746411483254
17,031,380100,-666666666,93.62033195020747
17,031,380200,25167,84.44573418456181
17,031,380600,25455,84.04968944099379
17,031,381200,44757,93.54669464847849
17,031,381400,34300,84.08668730650155
17,031,381500,23288,94.32835820895522
17,031,381700,-666666666,
17,031,381800,46813,86.37896156439649
17,031,381900,58803,85.68249258160238
17,031,390100,65833,80.47464940668824
17,031,390200,104441,66.85032139577594
17,031,390300,19475,83.4084084084084
17,031,390400,27232,88.77238968982088
17,031,390500,58194,57.417893544733865
17,031,390600,76806,45.94298245614035
17,031,390700,67832,53.18376773342132
17,031,400300,84293,91.55033063923585
17,031,400400,40066,91.96914700544465
17,031,400500,22463,97.91192103264996
17,031,400800,21029,99.13294797687861
17,031,410100,51471,41.27054642381164
17,031,410200,51739,29.195940671350506
17,031,410500,70833,50.48458149779735
17,031,410600,39461,18.141396176078256
17,031,410700,45972,21.763085399449036
17,031,410800,58396,19.446366782006923
17,031,410900,71315,23.0791040544372
17,031,411000,52596,33.90994657847876
17,031,411100,123750,4.271356783919598
17,031,411200,111058,6.755934266585514
17,031,420100,21275,94.65930018416206
17,031,420200,30461,62.69487750556792
17,031,420300,38583,33.66733466933868
17,031,420400,32938,47.40015071590053
17,031,420500,25298,96.96078431372548
17,031,420600,34643,88.47164851671047
17,031,420700,24785,93.49164467897977
17,031,420800,44375,88.0275624461671
17,031,421200,41910,95.21651560926485
17,031,430101,32264,98.01038062283737
17,031,430102,50625,90.03387916431394
17,031,430200,33183,87.46104491292392
17,031,430300,36467,97.24243584833397
17,031,430400,36917,90.59686562187396
17,031,430500,28528,96.85729005667181
17,031,430600,54375,91.11812443642921
17,031,430700,30561,92.10992907801419
17,031,430800,45221,100.0
17,031,430900,38173,97.67995240928019
17,031,431200,57845,97.99916631929972
17,031,431301,36867,92.77074542897327
17,031,431302,32031,87.69799366420274
17,031,431400,37122,89.0284203569068
17,031,440101,28877,95.91068740592073
17,031,440102,40565,97.10843373493975
17,031,440201,34355,98.44160104986877
17,031,440202,31537,95.91024249004705
17,031,440300,46747,90.25806451612904
17,031,440600,58631,95.53349875930522
17,031,440700,77300,85.20302821748106
17,031,440800,35292,96.11081513052744
17,031,440900,39730,89.56668068994531
17,031,450300,51990,95.49263218722912
17,031,460100,47790,78.22641509433961
17,031,460200,28487,39.41489361702128
17,031,460301,31831,68.17184070241456
17,031,460302,50056,81.83760683760684
17,031,460400,68475,95.70885388375882
17,031,460500,68207,94.43029917250159
17,031,460800,32654,63.59689213893967
17,031,461000,17182,71.84249628528974
17,031,470100,45855,90.026714158504
17,031,480100,72171,98.4266543267006
17,031,480200,54338,93.4720908230842
17,031,480300,57839,97.43589743589743
17,031,480400,83567,98.96269698783163
17,031,480500,46250,84.44036697247707
17,031,490200,63175,91.84782608695652
17,031,490500,67135,93.74647887323944
17,031,490600,63947,85.82295988934993
17,031,490700,44792,99.10532736884913
17,031,490800,51591,97.24696356275304
17,031,490901,35038,100.0
17,031,490902,67428,99.19097296146477
17,031,491000,22438,97.1319871232075
17,031,491100,68155,93.43638525564803
17,031,491200,53586,89.54451345755695
17,031,491300,40700,98.6860628812764
17,031,491400,36480,92.01101928374655
17,031,500100,71108,97.92633859486227
17,031,500200,38451,85.36318951392681
17,031,500300,48469,31.77257525083612
17,031,510100,56806,12.06375377851058
17,031,510200,55417,72.34787291330103
17,031,510300,30607,99.26724137931035
17,031,520100,57446,0.921435499515034
17,031,520200,58438,1.1500547645125958
17,031,520300,50276,2.0928270042194095
17,031,520400,49505,1.684498065103574
17,031,520500,87381,0.5801585766776253
17,031,520600,99688,1.9350127783862723
17,031,530100,38027,42.76762402088773
17,031,530200,41464,82.07893529141809
17,031,530300,53574,95.75200918484501
17,031,530400,80147,92.44482173174873
17,031,530501,39632,95.87729581867917
17,031,530502,63621,100.0
17,031,530503,47262,94.2092011902037
17,031,530600,38304,96.89727463312369
17,031,540101,16712,92.4439461883408
17,031,540102,28711,98.7190944295502
17,031,550100,-666666666,18.206740848250284
17,031,550200,70197,4.107648725212465
17,031,560100,59286,19.314641744548286
17,031,560200,46979,44.82507288629737
17,031,560300,56250,4.709321208184476
17,031,560400,77125,0.0
17,031,560700,78411,0.027901785714285712
17,031,560800,103098,0.0
17,031,560900,117188,0.03897875657766517
17,031,561000,106375,0.0
17,031,561100,95926,0.20380434782608695
17,031,570100,52212,0.49261083743842365
17,031,570200,-666666666,0.0
17,031,570300,50641,0.016803898504453033
17,031,570400,75125,0.11682242990654204
17,031,570500,77772,0.0
17,031,580100,51111,7.137490608564989
17,031,580200,39865,0.0
17,031,580300,61974,1.1288439081354613
17,031,580400,55355,1.4126712328767121
17,031,580501,45854,2.480916030534351
17,031,580502,46853,0.22303325223033255
17,031,580600,59631,4.350240651610514
17,031,580700,57269,2.0205312041714194
17,031,580800,63333,0.0
17,031,590500,69697,5.921052631578947
17,031,590600,65192,3.120902176763703
17,031,590700,76667,0.8579272477693892
17,031,600400,62599,6.838253848094878
17,031,600600,60625,0.0
17,031,600700,65342,0.0
17,031,600900,68526,6.61666220198232
17,031,610300,38984,8.941798941798943
17,031,610400,37480,5.13771186440678
17,031,610800,86705,0.0
17,031,611200,32793,17.664092664092664
17,031,611300,45283,11.704312114989733
17,031,611400,29194,0.027878449958182325
17,031,611500,40960,9.929728078215705
17,031,611600,-666666666,58.44611528822055
17,031,611700,21701,30.644288034650785
17,031,611800,-666666666,28.636779505946937
17,031,611900,34000,60.42334830019244
17,031,612000,47300,61.655277145026574
17,031,612100,27583,59.03732809430255
17,031,612200,41514,30.838079739625712
17,031,620100,68438,1.1671529804085035
17,031,620200,62250,0.0
17,031,620300,67292,0.5225988700564972
17,031,620400,53575,0.7929515418502203
17,031,630300,51920,1.7758579313654907
17,031,630400,39828,1.782442112277195
17,031,630500,48986,0.03339455668725998
17,031,630600,51643,5.753823743627094
17,031,630800,68558,1.6349630561232513
17,031,630900,41600,7.804777594728171
17,031,640100,51579,1.1869436201780417
17,031,640300,79750,3.059301145425547
17,031,640400,90142,2.2665457842248413
17,031,640500,72813,1.1616650532429817
17,031,640600,79231,1.4230856110232664
17,031,640700,72297,1.8971061093247588
17,031,640800,38365,0.9302325581395349
17,031,650100,59966,1.0601471224578105
17,031,650200,92357,0.5685757869920954
17,031,650301,59569,0.760847213654123
17,031,650302,60739,2.366026289180991
17,031,650400,72308,2.075360612304975
17,031,650500,66818,13.176244289492667
17,031,660301,24628,29.131175468483818
17,031,660302,44329,12.120555073720729
17,031,660400,44297,1.9283746556473829
17,031,660500,42247,4.248366013071895
17,031,660600,36729,38.89553769875192
17,031,660700,33347,89.30117501546073
17,031,660800,41099,51.23456790123457
17,031,660900,41032,68.76220919907654
17,031,661000,46066,66.00294985250737
17,031,661100,78778,31.269134428054553
17,031,670100,24583,65.8288043478261
17,031,670200,34459,98.75690607734806
17,031,670300,30179,76.72672672672672
17,031,670400,32083,74.56683168316832
17,031,670500,30313,78.98406374501991
17,031,670600,37621,66.35434412265758
17,031,670700,35500,55.86080586080586
17,031,670800,39297,96.67318982387475
17,031,670900,29906,69.58266452648475
17,031,671100,15159,100.0
17,031,671200,40286,77.26190476190476
17,031,671300,28056,87.08509354254677
17,031,671400,26080,59.43033102386451
17,031,671500,34167,87.21837088388214
17,031,671600,21063,93.09537741369222
17,031,671800,34470,84.8404255319149
17,031,671900,-666666666,65.57059961315281
17,031,672000,38654,83.42943854324734
17,031,680500,39306,70.28493894165535
17,031,680600,50330,99.49066213921901
17,031,680900,22846,91.74157303370787
17,031,681000,-666666666,95.12407488027861
17,031,681100,32583,98.86128364389234
17,031,681200,17338,85.71428571428571
17,031,681300,17500,95.69522169608265
17,031,681400,51531,93.82650345928685
17,031,690300,35319,95.00651324359531
17,031,690400,40722,97.21458046767538
17,031,690500,56203,100.0
17,031,690900,41131,95.22184300341297
17,031,691000,78375,96.7984934086629
17,031,691100,57542,99.23690600069372
17,031,691200,35551,97.68145161290323
17,031,691300,42708,98.15608919382505
17,031,691400,38816,90.11477230655312
17,031,691500,22363,94.6174142480211
17,031,700100,78803,59.1636551368095
17,031,700200,80096,14.735772357723578
17,031,700301,74207,4.849771391247551
17,031,700302,83086,13.776445110777944
17,031,700401,81065,50.83628176262464
17,031,700402,85208,59.789288849868306
17,031,700501,66979,81.98019801980197
17,031,700502,87543,83.64332603938732
17,031,710100,23500,91.61793372319687
17,031,710200,28091,97.21400394477317
17,031,710300,54444,94.06657018813314
17,031,710400,44858,92.81933662667608
17,031,710500,39943,89.20968925862492
17,031,710600,35865,88.19767441860465
17,031,710700,31473,98.00703399765534
17,031,710800,30461,98.39065255731923
17,031,710900,45663,96.88516968851697
17,031,711000,58030,93.27864514421805
17,031,711100,46667,96.83048433048434
17,031,711200,58444,84.10351201478743
17,031,711300,70223,92.21260815822002
17,031,711400,53929,93.69501466275659
17,031,711500,57422,95.92846270928462
17,031,720100,151613,31.21661721068249
17,031,720200,118836,48.74298267024652
17,031,720300,145250,28.555617044825677
17,031,720400,116406,11.217948717948719
17,031,720500,110625,1.9094380796508457
17,031,720600,148450,21.236559139784948
17,031,720700,118227,60.63795853269538
17,031,730100,65944,94.90445859872611
17,031,730201,62083,93.54611179686123
17,031,730202,78819,97.54283866795991
17,031,730300,49271,97.88867562380038
17,031,730400,91284,95.11056511056512
17,031,730500,61742,99.7039230199852
17,031,730600,75462,97.6470588235294
17,031,730700,54531,99.16958041958041
17,031,740100,109583,0.6504065040650406
17,031,740200,118444,1.2822493434265412
17,031,740300,122063,0.0
17,031,740400,93194,5.320088300220751
17,031,750100,52109,90.51155115511551
17,031,750200,75250,61.03151862464183
17,031,750300,119000,5.89159465828751
17,031,750400,104009,24.121863799283155
17,031,750500,52880,62.80193236714976
17,031,750600,56504,93.86056191467222
17,031,760801,73618,5.150487494701145
17,031,760802,81167,1.9169329073482428
17,031,760803,63155,10.725735937044593
17,031,770201,85538,2.478929102627665
17,031,770202,78727,0.39499670836076367
17,031,770300,88614,5.1278388801599775
17,031,770400,88983,2.5675675675675675
17,031,770500,54522,0.6627218934911243
17,031,770601,92569,1.028695181375203
17,031,770602,80568,1.0902747492368077
17,031,770700,65300,0.9170305676855894
17,031,770800,74557,1.0046769443963277
17,031,770901,102955,0.2710592160133445
17,031,770902,81250,0.41928721174004197
17,031,800100,250001,2.1546261089987326
17,031,800200,214779,2.1183800623052957
17,031,800300,250001,0.0
17,031,800400,250001,0.0
17,031,800500,250001,0.03586800573888092
17,031,800600,250001,0.0
17,031,800700,250001,0.9484536082474228
17,031,800800,110156,0.4719004719004719
17,031,800900,137802,0.4376871688551025
17,031,801000,146890,0.0
17,031,801100,231919,0.019821605550049554
17,031,801200,243333,0.0
17,031,801300,142500,0.8992805755395683
17,031,801400,164120,5.6356487549148095
17,031,801500,133224,3.706612219255536
17,031,801601,98328,7.1218629889215475
17,031,801603,68594,13.779423432954244
17,031,801605,179425,0.38454815591679775
17,031,801606,158309,0.8717811158798282
17,031,801607,139865,1.8425169476794716
17,031,801608,134179,1.014584654407102
17,031,801701,220469,0.0
17,031,801702,190288,0.0
17,031,801800,167619,3.7245489157424267
17,031,801901,105766,0.7106831728564879
17,031,801902,191319,0.0
17,031,802002,139904,1.182364729458918
17,031,802003,135625,7.071911005164878
17,031,802004,39560,2.1811521811521812
17,031,802100,163681,0.9416195856873822
17,031,802200,168105,0.4456147457970428
17,031,802300,121533,0.5719237435008666
17,031,802402,79841,1.9749835418038184
17,031,802403,77471,0.0
17,031,802404,67905,2.215696743192739
17,031,802503,103365,1.1623299432043324
17,031,802504,92541,1.0958503798947983
17,031,802505,69221,2.9194788887144876
17,031,802506,92829,0.9932459276916964
17,031,802605,120580,0.4149377593360996
17,031,802607,126429,0.0
17,031,802608,88346,3.7776668330837078
17,031,802609,58711,0.3429996881821017
17,031,802610,127415,1.2588116817724069
17,031,802701,125370,2.9244388239013595
17,031,802702,116136,1.9234582589728335
17,031,802801,131918,2.4098955001066327
17,031,802802,109038,0.6431852986217458
17,031,802900,158750,0.0
17,031,803005,104306,1.1847463902258424
17,031,803007,106316,1.8073447413958852
17,031,803008,145100,2.5587684626586227
17,031,803010,114347,2.3474178403755865
17,031,803012,85000,2.234359483614697
17,031,803013,105841,2.7777777777777777
17,031,803014,76045,2.192850705917693
17,031,803015,102961,0.2890173410404624
17,031,803016,119188,4.921875
17,031,803017,98125,0.7183673469387755
17,031,803100,152682,0.580046403712297
17,031,803200,99556,0.09952229299363058
17,031,803300,115946,2.1851128086693907
17,031,803400,140000,7.071905114899926
17,031,803500,144036,0.4132973944294699
17,031,803603,191691,0.9941878250229429
17,031,803604,88377,2.9028571428571426
17,031,803605,100506,7.499253062443979
17,031,803607,118224,0.8949059201468563
17,031,803608,129358,5.499383477188656
17,031,803611,68958,8.809338521400779
17,031,803612,66000,14.09221902017291
17,031,803613,73333,2.4158314058082753
17,031,803614,50865,6.634499396863691
17,031,803615,89960,5.006364022061943
17,031,803616,91968,9.876801002296931
17,031,803701,81581,1.1293260473588342
17,031,803702,109779,3.3799155021124476
17,031,803800,121167,1.033902380379899
17,031,803901,79034,1.6747703943814154
17,031,803902,106012,0.6003430531732418
17,031,804000,88559,0.23544520547945205
17,031,804102,170819,1.8499635833940278
17,031,804104,145156,0.3091190108191654
17,031,804105,152386,3.2709172789760608
17,031,804106,139139,0.17975663716814158
17,031,804108,91795,13.480445706794844
17,031,804109,155469,1.7208413001912046
17,031,804202,178385,0.6876352986119955
17,031,804203,225486,0.0
17,031,804204,149778,2.5752698352584735
17,031,804305,81277,5.378690629011553
17,031,804306,88125,2.696347389873021
17,031,804308,79205,8.333333333333332
17,031,804309,86885,2.2047719722138326
17,031,804312,158467,0.0
17,031,804313,121986,5.988716910169247
17,031,804314,106410,0.0
17,031,804315,98050,0.0
17,031,804316,110667,0.42091271599468316
17,031,804403,79203,4.321972443799855
17,031,804404,86802,1.5807436680438296
17,031,804405,72031,16.995221027479094
17,031,804406,72237,6.416005519144533
17,031,804505,84728,2.4149286498353457
17,031,804506,132679,2.2865853658536586
17,031,804508,65708,8.912579957356078
17,031,804509,90174,3.3850931677018634
17,031,804510,80801,4.824642790870291
17,031,804511,68516,4.2524619516562225
17,031,804512,146710,13.248945147679326
17,031,804513,151051,7.860378363975486
17,031,804514,111713,2.062813603419439
17,031,804603,98247,12.405778894472363
17,031,804606,136908,1.0710348086312806
17,031,804607,126192,1.1589855467684755
17,031,804608,120565,2.6141992294991745
17,031,804609,110833,1.234773902886701
17,031,804610,75191,0.782414307004471
17,031,804611,85451,1.3465627214741318
17,031,804701,78522,10.509500588532033
17,031,804705,75563,12.973443622115804
17,031,804706,116354,1.2860310421286032
17,031,804709,93586,3.5133531157270035
17,031,804710,95703,1.1209593326381648
17,031,804711,83787,14.313346228239846
17,031,804712,95590,16.902964463266436
17,031,804713,97781,7.219933294094566
17,031,804714,104286,0.4894463138574488
17,031,804715,62183,1.7738946253640455
17,031,804716,112725,2.3700804522722327
17,031,804803,88412,5.05482252369448
17,031,804804,70750,4.83983286908078
17,031,804805,110636,1.0997067448680353
17,031,804806,91875,17.051792828685258
17,031,804807,98906,0.3966107806021273
17,031,804808,133125,3.1791907514450863
17,031,804809,110219,3.231292517006803
17,031,804810,83477,5.708180708180708
17,031,804901,132232,1.8199082133248932
17,031,804902,123337,3.2075166045682812
17,031,805001,133456,0.8860249697946033
17,031,805002,71682,2.5423728813559325
17,031,805105,76679,4.355567730447884
17,031,805106,77808,0.10256410256410256
17,031,805107,58354,9.137055837563452
17,031,805108,73575,7.592156862745098
17,031,805109,102727,2.3061717548868876
17,031,805110,99504,0.06755235307363207
17,031,805111,60470,8.98456943753111
17,031,805112,73859,3.92512077294686
17,031,805201,108800,1.6443207690361752
17,031,805202,97946,2.4158314058082753
17,031,805301,119196,0.0
17,031,805302,103498,0.5646817248459959
17,031,805401,109500,2.05716760502382
17,031,805402,99271,0.9781944161402079
17,031,805501,131979,2.3024445707788517
17,031,805502,151131,0.06920415224913494
17,031,805600,163182,0.5423445974134334
17,031,805701,157411,1.9585898153329604
17,031,805702,145250,0.0
17,031,805801,115469,0.2542372881355932
17,031,805802,142031,0.7904411764705882
17,031,805901,85516,4.155313351498638
17,031,805902,144931,1.4058106841611997
17,031,806001,53893,5.816788575409265
17,031,806002,67317,6.053904630269523
17,031,806004,64832,1.373975291536774
17,031,806005,100375,6.7453004054552155
17,031,806006,61329,0.7923930269413629
17,031,806102,108386,9.502890173410403
17,031,806103,99701,1.4728096676737161
17,031,806104,50839,14.25459825750242
17,031,806201,69325,4.463937621832359
17,031,806202,73491,2.8143348856043735
17,031,806300,102292,4.356659142212189
17,031,806400,116628,2.1702838063439067
17,031,806501,65750,5.331654072208228
17,031,806502,72182,3.624465139692927
17,031,806600,97708,0.8032128514056224
17,031,806700,114593,7.923112986404125
17,031,806801,74004,7.083525611444393
17,031,806802,109125,10.173094442757364
17,031,806900,84438,5.611875452570601
17,031,807000,56434,17.54684838160136
17,031,807100,146719,5.792207792207792
17,031,807200,97212,12.665125495376486
17,031,807300,77307,8.079061148857319
17,031,807400,91926,15.344827586206897
17,031,807500,141411,6.075187969924812
17,031,807600,101432,6.44089254628897
17,031,807700,66984,10.990082913347424
17,031,807800,151538,1.0669610007358352
17,031,807900,108351,5.983889528193326
17,031,808001,93958,1.2276785714285714
17,031,808002,87460,3.034276081663233
17,031,808100,56131,4.873599166015116
17,031,808200,84250,2.2390630382363073
17,031,808301,77500,1.0038240917782026
17,031,808302,74539,2.060760569364776
17,031,808400,116096,4.468233651384687
17,031,808500,128254,1.6151361329026301
17,031,808600,156635,1.2674825174825175
17,031,808702,56463,8.028222730739893
17,031,808800,159500,1.4027033919918388
17,031,808900,183893,1.153846153846154
17,031,809000,193500,4.9703264094955495
17,031,809100,107000,3.011864922421661
17,031,809200,48839,62.240065884290715
17,031,809300,43732,9.439466555532402
17,031,809401,105231,2.9871483153872873
17,031,809402,67014,3.907113896056027
17,031,809500,74538,7.626105665790103
17,031,809600,76844,34.06695598264104
17,031,809700,132875,31.186258722490606
17,031,809800,76444,13.904899135446685
17,031,809900,119476,3.6231884057971016
17,031,810000,120809,3.620078372830752
17,031,810100,93056,8.429035752979415
17,031,810200,71948,41.17032392894462
17,031,810301,89390,26.889661164205037
17,031,810302,116860,18.5941724241514
17,031,810400,131419,1.0129235068110374
17,031,810501,78798,1.2549914432401599
17,031,810502,70781,0.8210742387957578
17,031,810600,66533,1.3171649592306083
17,031,810701,52331,0.0
17,031,810702,59964,2.6432806324110674
17,031,810800,95197,0.9041250706347712
17,031,810900,53679,4.775458570524984
17,031,811000,94743,0.7958219348420791
17,031,811100,66788,0.04363001745200698
17,031,811200,77912,0.0
17,031,811301,68153,2.487215248721525
17,031,811302,63035,5.3911735205616855
17,031,811401,85577,2.124149309135904
17,031,811402,78167,1.6595542911332386
17,031,811500,77550,0.0
17,031,811600,61162,1.5445340655568902
17,031,811701,70500,0.22916069894013177
17,031,811702,62679,2.4292965917331397
17,031,811800,95236,3.1757488271382175
17,031,811900,158833,6.154097290238329
17,031,812000,138899,2.4807056229327453
17,031,812100,135234,31.803143093465675
17,031,812200,225333,13.73070782331027
17,031,812301,87476,11.709104938271606
17,031,812302,125625,11.426543647977288
17,031,812400,250001,4.0667678300455234
17,031,812500,71310,26.407936971111763
17,031,812600,72269,32.94314381270903
17,031,812700,88717,17.913451861791348
17,031,812801,73375,28.66391995291348
17,031,812802,83783,23.637650389242744
17,031,812900,145625,15.01743679163034
17,031,813000,144821,19.122257053291534
17,031,813100,122014,21.907379995770775
17,031,813200,131042,8.89034512887724
17,031,813301,48958,2.12636695018226
17,031,813302,51810,3.6640165917732457
17,031,813400,66799,3.1896761626491354
17,031,813500,73393,4.318831375039696
17,031,813600,64849,0.8053221288515405
17,031,813701,56311,6.353591160220995
17,031,813702,69795,14.57936003390549
17,031,813801,47604,1.6453382084095063
17,031,813802,64464,2.279981760145919
17,031,813900,66161,7.213018618970825
17,031,814000,61552,1.8637674728200575
17,031,814100,47679,1.4604631754642188
17,031,814200,68380,1.6005909874415167
17,031,814300,52535,2.70042194092827
17,031,814400,62481,2.0125457396759017
17,031,814500,90564,3.4970999658819517
17,031,814600,66680,7.488247145735392
17,031,814700,87727,4.220074935910077
17,031,814800,63677,12.37721021611002
17,031,814900,56410,18.245507158087115
17,031,815000,75429,10.132847095597812
17,031,815100,81198,18.225369714642785
17,031,815200,59895,4.388756298064174
17,031,815300,95781,2.798191068400226
17,031,815400,55347,5.9420834900338475
17,031,815500,91583,4.707688371498017
17,031,815600,59338,2.6180886122299527
17,031,815701,148424,0.49543676662320735
17,031,815702,147813,0.8173880735649267
17,031,815800,112667,2.616279069767442
17,031,815900,71587,28.574432296047096
17,031,816000,91458,17.436791630340018
17,031,816100,63315,27.128016085790886
17,031,816200,88622,7.358653431160985
17,031,816300,69922,1.8720427895494753
17,031,816401,68818,0.7710715235309757
17,031,816402,57771,5.220883534136546
17,031,816500,58202,1.5327564894932013
17,031,816600,74070,1.2128146453089244
17,031,816700,56016,4.697508896797153
17,031,816800,78566,24.909682080924856
17,031,816900,93947,60.030472320975115
17,031,817000,68162,67.38257727820152
17,031,817101,58542,83.96501457725948
17,031,817102,58910,83.52739726027397
17,031,817200,55473,73.55169340463458
17,031,817300,63558,53.31241283124128
17,031,817400,91638,19.31190356604721
17,031,817500,58925,55.27377521613833
17,031,817600,52589,78.46820809248555
17,031,817700,80211,76.90052765292164
17,031,817900,60404,78.53617021276595
17,031,818000,51794,36.09438959788105
17,031,818100,121328,9.098979138925877
17,031,818200,99302,36.62728249194414
17,031,818300,74615,51.042963885429636
17,031,818401,67235,31.352057478772043
17,031,818402,88550,20.45028142589118
17,031,818500,105026,9.520463727384506
17,031,818600,105146,1.700251889168766
17,031,818700,114922,1.937483854301214
17,031,818800,111096,1.9462465245597778
17,031,818900,103090,3.587443946188341
17,031,819000,169015,0.47940727827413376
17,031,819100,47316,2.8471528471528473
17,031,819200,80052,4.319880418535127
17,031,819300,89276,2.5185185185185186
17,031,819400,77553,7.734416387073989
17,031,819500,92337,10.817865429234338
17,031,819600,200114,0.7222914072229141
17,031,819700,171719,0.6616750827093854
17,031,819801,206848,0.4650261577213718
17,031,819802,189667,0.0
17,031,819900,218906,0.092109303039607
17,031,820000,250001,0.0
17,031,820101,131694,1.8004501125281318
17,031,820103,86434,2.4304744099088573
17,031,820104,78083,6.448723690103001
17,031,820202,73750,1.9446976602856274
17,031,820203,136694,0.0
17,031,820204,109479,0.0
17,031,820300,55845,1.2302893779241033
17,031,820400,49598,18.043684710351375
17,031,820501,68837,1.7782822550132427
17,031,820502,56037,5.564115733607259
17,031,820603,65922,8.125594671741199
17,031,820604,47577,0.08460236886632826
17,031,820605,56250,44.91721559551362
17,031,820606,96304,3.018867924528302
17,031,820700,67067,0.17067273503057886
17,031,820800,83495,1.1075488195861265
17,031,820901,73603,0.9181636726546906
17,031,820902,103846,0.9443178117876914
17,031,821001,61853,1.9088669950738917
17,031,821002,65513,2.552113773621664
17,031,821101,81912,1.0905349794238683
17,031,821102,81139,1.1113532359991285
17,031,821200,38880,49.727597219613
17,031,821300,51806,35.21271143003588
17,031,821401,51310,92.87288758265981
17,031,821402,66522,86.22222222222223
17,031,821500,28173,87.67772511848341
17,031,821600,79395,48.25486062309675
17,031,821700,96607,13.4375
17,031,821800,88024,20.267430754536772
17,031,821900,100179,14.467379284924439
17,031,822000,56841,1.9306815538497324
17,031,822101,78059,2.7163198247535596
17,031,822102,56963,22.732146686682395
17,031,822200,86299,4.783180026281209
17,031,822301,101413,1.3646288209606987
17,031,822302,77557,6.153846153846154
17,031,822400,56231,2.944111776447106
17,031,822500,89177,4.842840512223516
17,031,822601,94943,0.9900990099009901
17,031,822602,64345,14.25999742831426
17,031,822701,69833,12.110091743119266
17,031,822702,67865,6.272294887039238
17,031,822801,85855,10.269576379974326
17,031,822802,104643,4.327581484524788
17,031,822900,72540,10.412667946257198
17,031,823001,66059,11.124879526366517
17,031,823002,75979,5.50423402617398
17,031,823101,53039,2.524901552003706
17,031,823102,67679,2.6783346592415804
17,031,823200,72196,9.201937249947358
17,031,823302,51951,32.91849255039439
17,031,823303,80500,12.36192714453584
17,031,823304,55948,25.31041069723018
17,031,823400,62517,25.78562204046492
17,031,823500,68355,18.029823768639854
17,031,823602,81772,4.63984425697599
17,031,823603,69881,34.33682373472949
17,031,823604,113073,0.48765620237732393
17,031,823605,99299,6.132075471698113
17,031,823702,79981,12.454780361757106
17,031,823703,67681,3.2184407959117105
17,031,823704,101282,5.224248398225726
17,031,823705,78185,2.7044025157232707
17,031,823801,116797,5.636160714285714
17,031,823803,85109,3.1032563317561928
17,031,823805,69096,1.353135313531353
17,031,823806,60241,4.4016178919819176
17,031,823901,120227,4.0049751243781095
17,031,823903,124348,2.254816112084063
17,031,823904,107052,0.07573844988639232
17,031,824003,111438,0.25020850708924103
17,031,824004,104620,1.467197652483756
17,031,824005,141287,0.4522525656635937
17,031,824006,150469,3.143189755529686
17,031,824105,115000,1.4953522834433517
17,031,824106,104886,4.346495255586165
17,031,824107,94178,4.535666218034994
17,031,824113,114318,3.401462031926003
17,031,824114,143071,3.5228795711277043
17,031,824115,70179,2.066929133858268
17,031,824116,74060,5.908667287977633
17,031,824119,103354,6.114028507126782
17,031,824121,93380,1.1594202898550725
17,031,824122,125690,2.662173546756529
17,031,824123,97852,5.831589958158996
17,031,824124,65250,21.760055001718804
17,031,824125,117917,1.8005851901868108
17,031,824126,168194,0.055391432791728215
17,031,824127,116087,1.9745063734066486
17,031,824128,97778,6.276715410573678
17,031,824129,95953,4.540991654393716
17,031,824300,59423,91.35146186873851
17,031,824400,43750,21.88679245283019
17,031,824503,79948,10.578647106764466
17,031,824505,73739,3.701418877236274
17,031,824507,88889,3.8356164383561646
17,031,824508,69857,4.830614805520702
17,031,824509,116310,5.799373040752351
17,031,824601,88598,3.684335631091039
17,031,824602,86560,11.166742527689273
17,031,824701,51458,8.691959229898075
17,031,824702,59918,11.229656419529837
17,031,824800,58312,20.902845927379783
17,031,824900,46458,51.6260162601626
17,031,825000,69591,14.973869575096568
17,031,825200,83846,14.78396668401874
17,031,825302,101429,8.644005847953217
17,031,825303,78814,6.88360450563204
17,031,825304,92039,0.3101145038167939
17,031,825400,91881,6.324972737186478
17,031,825501,63603,89.29546695794647
17,031,825503,63104,86.04312739780394
17,031,825504,64360,88.7647423960273
17,031,825505,69785,86.17658062102507
17,031,825600,52734,72.35558889722431
17,031,825700,53397,65.3922542204568
17,031,825801,41100,85.75986078886311
17,031,825802,70346,89.29410139522034
17,031,825803,63966,83.64867210553723
17,031,825900,60833,61.185357350377686
17,031,826000,60668,31.277533039647576
17,031,826100,50918,66.0919540229885
17,031,826201,41614,83.6591086786552
17,031,826202,59767,48.339809254680326
17,031,826301,65679,88.8659793814433
17,031,826303,77151,93.25287986834887
17,031,826304,50000,85.71428571428571
17,031,826401,52043,95.08540605334133
17,031,826402,49803,88.86279115286749
17,031,826500,53235,91.85568851580639
17,031,826600,41411,82.57389162561576
17,031,826700,48014,93.16628701594533
17,031,826800,57702,31.50546337515176
17,031,826901,30215,73.4375
17,031,826902,39808,64.41717791411043
17,031,827000,43569,90.82082965578111
17,031,827100,34882,70.9854927463732
17,031,827200,55116,61.019322318678235
17,031,827300,30547,63.6902242911553
17,031,827400,35030,81.08594030924128
17,031,827500,63619,33.40168603326498
17,031,827600,38803,93.89736477115119
17,031,827700,47574,80.21812711545694
17,031,827801,76717,66.76792223572296
17,031,827802,90246,85.77023498694517
17,031,827804,65238,75.23872242344419
17,031,827805,84250,84.9149338374291
17,031,827901,103958,87.65495867768594
17,031,827902,59826,51.05056568921727
17,031,828000,65227,30.92400859542879
17,031,828100,65190,44.766146993318486
17,031,828201,66514,54.20962199312714
17,031,828202,62917,55.1368578927634
17,031,828300,55375,45.59111691704768
17,031,828401,77143,33.83137673425827
17,031,828402,52768,52.85754904748365
17,031,828503,53438,71.85306504445485
17,031,828504,49692,61.130611490855344
17,031,828505,97463,57.75838182321973
17,031,828507,81611,61.83957732949087
17,031,828508,47321,67.96092796092796
17,031,828601,96006,28.23958096105671
17,031,828602,101371,56.63573085846868
17,031,828701,68785,62.559672652875655
17,031,828702,69342,61.140550088316935
17,031,828801,112774,40.044971381847915
17,031,828802,76591,35.731857318573184
17,031,828900,57174,48.92544441496418
17,031,829000,30610,93.32688588007737
17,031,829100,38077,19.662921348314608
17,031,829200,53368,30.16183531922461
17,031,829301,82128,45.049019607843135
17,031,829302,60153,48.86052871467639
17,031,829401,51161,77.9535864978903
17,031,829402,58244,65.65231466494012
17,031,829500,52115,29.126944305067738
17,031,829600,60878,17.27453580901857
17,031,829700,54145,58.7465564738292
17,031,829800,135212,52.97141993044004
17,031,829902,90071,90.53130665179194
17,031,829903,80795,83.8495575221239
17,031,829904,80810,49.591934709553534
17,031,830001,45331,4.405086285195277
17,031,830003,115250,89.53020134228188
17,031,830004,105768,85.69973814373
17,031,830005,77589,78.05676855895196
17,031,830006,-666666666,69.17549167927383
17,031,830007,56836,90.68122094198505
17,031,830008,108780,84.90788852149268
17,031,830100,78229,81.33791809940605
17,031,830201,40403,88.78058896723351
17,031,830202,86064,63.973684210526315
17,031,830300,39488,77.73607269853812
17,031,830400,59036,71.49285336156697
17,031,830500,59116,0.8105369807497468
17,031,830600,59364,17.794486215538846
17,031,830700,64330,39.65638973876206
17,031,830800,75500,4.803312629399586
17,031,830900,121813,2.367264119039567
17,031,831000,177500,1.6636690647482015
17,031,831100,96318,1.6965651508830484
17,031,831200,55326,7.494692144373673
17,031,831300,43144,21.598639455782312
17,031,831400,33210,50.81026333558406
17,031,831500,76914,9.484322363306557
17,031,831600,63839,7.93518903199003
17,031,831700,44653,2.7428057553956835
17,031,831800,80471,3.308916393028542
17,031,831900,125139,2.277163305139883
17,031,832000,128828,3.0570252792475014
17,031,832100,79985,28.368596881959913
17,031,832200,150682,2.8917910447761193
17,031,832300,119886,8.152734778121776
17,031,832400,132226,5.53681843732434
17,031,832500,142500,4.699420201403723
17,031,832600,201563,0.9199632014719411
17,031,832900,75878,2.581261950286807
17,031,833000,192608,3.827239683557836
17,031,833100,160114,6.352579997638447
17,031,833300,85096,4.206999255398362
17,031,833900,39602,47.06973293768546
17,031,834000,39194,93.03604153940135
17,031,834200,57270,99.54297767621726
17,031,834300,52973,93.17814419657292
17,031,834400,33768,72.06192821956368
17,031,834500,48393,93.00254452926208
17,031,834600,26304,93.31506849315069
17,031,834700,34250,83.18452380952381
17,031,834800,20771,92.03802733214498
17,031,834900,18500,96.57458563535911
17,031,835000,33857,35.68210488376284
17,031,835100,47049,12.494642091727389
17,031,835200,79875,7.820738137082602
17,031,835500,18304,83.56066044508256
17,031,835600,13438,93.05740987983978
17,031,835800,79868,88.66090712742981
17,031,836000,77292,91.3633355393779
17,031,836100,20948,89.60043787629995
17,031,836200,146250,8.952603861907548
17,031,836300,64722,45.75688073394495
17,031,836400,24764,85.30266983875231
17,031,836500,30944,86.39947437582128
17,031,836600,80763,15.868131868131869
17,031,836700,51434,82.44914240127642
17,031,836800,19453,95.18026565464895
17,031,836900,25650,91.92577733199599
17,031,837000,41023,78.83884970157352
17,031,837100,48880,49.306930693069305
17,031,837300,18949,94.27435387673955
17,031,837400,51250,78.49954254345836
17,031,837800,58681,62.4
17,031,838000,26673,61.73717708723324
17,031,838100,26000,55.096602265156555
17,031,838200,83929,26.826608505997818
17,031,838300,112381,24.44623439387837
17,031,838600,18537,72.99077733860344
17,031,838700,21834,78.64597270537864
17,031,838800,29120,63.37984496124031
17,031,839000,110306,9.048086359175663
17,031,839100,122978,11.42579312021393
17,031,839200,43090,56.88421052631579
17,031,839500,-666666666,53.769401330376944
17,031,839600,65062,85.44529262086515
17,031,839700,83498,3.576688407321692
17,031,839800,77560,4.470323065364388
17,031,839900,100217,1.7770952172005263
17,031,840000,105481,0.943040362127499
17,031,840100,66765,0.6944444444444444
17,031,840200,41359,0.3639672429481347
17,031,840300,65909,2.633022490400439
17,031,840400,71667,0.0
17,031,840700,97727,3.740458015267176
17,031,840800,45326,1.596071209330878
17,031,841000,103750,34.66898954703833
17,031,841100,48542,3.5050071530758222
17,031,841200,60498,2.492070684186679
17,031,841300,79744,4.771832290942784
17,031,841500,26950,91.35673127291776
17,031,841700,24663,33.773087071240106
17,031,841800,45294,81.84549356223177
17,031,841900,131803,15.259903058666222
17,031,842000,116875,38.797423049391554
17,031,842100,50907,48.05907172995781
17,031,842200,102036,8.661854525263744
17,031,842300,167407,14.297385620915032
17,031,842400,72616,94.04427814156533
17,031,842500,27955,93.54838709677419
17,031,842600,90521,7.048458149779736
17,031,842800,49020,0.6920415224913495
17,031,842900,19304,59.017412935323385
17,031,843000,23587,94.16423509795749
17,031,843100,46659,75.83120204603581
17,031,843200,66172,6.686541737649063
17,031,843300,41250,69.27480916030534
17,031,843400,32404,56.74110835401158
17,031,843500,52875,64.48180463928496
17,031,843600,55250,89.24477410654079
17,031,843700,191384,2.8536485935589075
17,031,843800,32095,41.44692359702501
17,031,843900,56926,86.21621621621621
17,031,844600,54565,90.10989010989012
17,031,844700,51298,76.78265830005705
17,031,980000,-666666666,
17,031,980100,-666666666,
17,031,990000,-666666666,
